,X,brand_name,item_name,number_likes,condition,color,size,price,img_length,measurements,description,type
1,1,Reese Cooper,Fever Dream Cargo Short,4,Gently Used,Black,30,$70 ,3,1,"Heavy nylon
Snap fly, cinch back
Drop cargo pocket
CDG style",0
2,2,Reese Cooper,Reese cooper hanging cargo pocket short,7,Gently Used,Black,28,$65 ,6,1,"Rick esque cargo shorts from one of Reese coopers first collections
Super nice material almost feels like a super thick crushed nylon but is still 40% cotton
10 pockets in total which is crazy 4 hidden pockets",0
3,3,Reese Cooper,New Reese Cooper Sweatpants Black Size Small,2,New,Black,30,$100 ,6,1,"These are a Brand New Pair of Reese Cooper Black Sweatpants in a Size Small
100% Cotton
New with Tags
Made In USA
MSRP: $348",1
4,4,Reese Cooper,River Runs Through SS21 Cargo Pants Cotton,9,New,White,36,$145 ,5,1,Brand new with tag. Retails $360+ Perfect for spring.,1
5,5,Levi's × Reese Cooper,RCI x Levi’s Straight Fit Canvas Pant,4,Gently Used,Cream,28,$85 ,5,1,"Reese cooper x Levi’s pant in Natural color
Retailed at $100
Attached signature RC belt hook, green RCI stitching on the knee, and RCI X Levi tag on the back
Straight fit

Worn lightly. 9/10 condition
**no returns**
**no international shipping**",1
6,6,Reese Cooper,Reese Cooper coordinates paint splatter jeans,11,Gently Used,Denim,30,$126 ,9,1,"Beautiful pair of jeans from the lone pine AW18 collection
They’re labeled a size 28 but the waist measures 30”
Nearly new, only worn a handful of times
Paint splatter on the front with coordinates embroidered on the thigh
Message bio for offers",1
7,7,Reese Cooper,Reese Cooper Canyon Camo Cargo Pants,18,Gently Used,Canyon,34,$200 ,7,1,"Gently worn SS21 Canyon Camo cargo pants by Reese Cooper. Only worn a handful of times, dry cleaned and stored since Spring. Great pair of baggy fit cargos with a very unique camo print, called “canyon camo”. This pair also features drawstrings on/in the cargo pockets, as well as at the leg openings so you can alter the fit.
Please ask any and all questions before purchasing or submitting a binding offer. I usually ship within 48 hours of purchase.
All sales are finals, no returns.",1
8,8,Reese Cooper,Reese Cooper Shorts,6,Gently Used,Red,32,$89 ,2,0,"RED REESE COOPER SHORTS
They didn't have a filter for Reese? smh
size 32-33
Excellent Condition, Only worn twice
Please buy with confidence",0
9,9,Reese Cooper,Reese Cooper Sweatpants,17,Gently Used,Black,32,$120 ,7,1,"Title: Reese Cooper Sweatpants
Color: Black
Size: Medium
Measurements:
-Inseam (Crotch to Bottom): 31""
-Outseam (Full Length): 42""
-Waist: 30-34""
The condition of this item is pre-owned. There are no flaws, just normal wear. Please view all photos provided to ensure that the condition of the item suits you.
If you have any questions at all please don’t hesitate to message me. Thank you for shopping and please check out my other listings!",1
10,10,Reese Cooper,Reese Cooper Drop Pocket Cargo Shorts,24,Used,Black,30,$90 ,7,1,"Good condition
Super cool and unique design, total of 8 pockets
Tagged 32 but fit closer to size 30-31
All measurements are flat across (and the waist is stretchy)
The zipper sometimes gets undone but I think it’s because they are too small on me",0
11,11,Reese Cooper,Reese Cooper Double Knee Work Pants,5,Gently Used,Brown,32,$90 ,5,0,"Size 32
Gently used",1
12,12,Levi's × Reese Cooper,Reese Cooper x Levi’s rare jeans collab,40,Gently Used,Blue,34,$85 ,5,1,"Really good condition dope details, awesome color and flawless. This is a Reese Cooper and Levi’s collab. Pm for question",1
13,13,Levi's × Reese Cooper,RCI X Levi's Straight Fit Denim Jean,12,New,Dark blue wash,30,$140 ,6,1,"Reese Cooper X Levi's Straight Fit Denim Jean
Size 30W x 34L
RCI badging above knee
Patch style pockets
Metal Hook feature",1
14,14,Reese Cooper,Reese Cooper Two-Tone Khaki Carpenter Pants,3,Gently Used,Khaki,32,$330 ,7,1,"100% Authentic
Super Rare
Size 32
Excellent Condition
All sales are final. Check out other heat on my page!",1
15,15,Levi's × Reese Cooper,Reese Cooper x Levi’s Green Duck denim jeans (32x34),0,Gently Used,Green,32,$160 ,4,1,"Reese Cooper x Levi’s Green Duck denim jeans (32x34)
Worn once in great condition - Offer Up!",1
16,16,Levi's × Reese Cooper,Reese Cooper x Levi’s Straight Fit Duck Canvas Pant,38,Gently Used,Green,34,$95 ,6,1,"Forest Green. Sick pair of pants, signature Reese Cooper carabiner. Great color. Excellent condition 9/10. Open to offers!",1
17,17,Reese Cooper,Outdoor Supply Waxed Cotton Pant in Khaki,28,New,Khaki,34,$155 ,6,1,"Light pant perfect for the summer. Retail was $428.
Only tried on once. The pant runs small. Fits a size 32 better. I fit 33/34 and this didn't fit well (too much junk in trunk) <U+0001F614>",1
18,18,Reese Cooper,Reese Cooper Nylon Cargo Shorts,12,Used,Black,34,$60 ,5,1,"Nylon grosgrain shorts in black. Four-pocket styling. Drawstring at elasticized waistband. Flap pockets at front.
HOW A LETTER TRAVELS collection
Condition 8/10",0
19,19,Levi's × Reese Cooper,Levis Reese Cooper Straight Denim Jeans,15,New,Beige,34,$155 ,4,0,brand new with tags,1
20,20,Reese Cooper,Reese cooper jean shorts,6,Gently Used,Blue,32,$90 ,5,0,"Reese cooper custom jean shorts
Size 32 fits 32-33
In great condition - no flaws to note
These shorts are NOT sold by Reese cooper - they are jeans which were cut into shorts
Message me for all inquiries. Can provide a more accurate shipping quote for your location if requested. Thanks for viewing!",0
21,21,Reese Cooper,REESE COOPER Plaid Ripstop Wide-Leg Pants,23,Used,Blue,34,$124 ,5,0,"REESE COOPER Plaid Ripstop Wide-Leg Pants
retail ~$400
from autumn/winter 2022 two steps forward collection
size medium/large unisex
PROFESSIONALLY TAILORED for CROPPED fit see measurements
worn ONCE almost brand new
fits normally on someone around 5'9
From the Two Steps Forward Collection. An exaggerated wide-leg silhouette defines Reese Cooper’s plaid pants, cut from sporty ripstop nylon.
Elasticized drawstring waistband
Pull-on style
On-seam pockets
Back patch pockets
Polyester
Dry clean
Made in USA
modern / streetwear / luxury / designer
COLOR: navy
Keywords/similar to: ssense farfetch saks
general hashtags : #rare #unique #vintage #streetwear #trending",1
22,22,Reese Cooper,Reese Cooper Cargo Work Pants,87,New,Khaki,34,$280 ,6,0,New without tags. Size 34. Message me with any questions!,1
23,23,Levi's × Reese Cooper,Reese Cooper x Levis Straight Fit Jeans,36,Gently Used,Blue denim,32,$96 ,3,0,"Condition: 9/10
Worn a few times but still in great condition.
32 waist 34 length",1
24,24,Levi's × Reese Cooper,Levis Reese Cooper Straight Denim Jeans,16,New,Beige,32,$150 ,4,0,brand new with tags,1
25,25,Reese Cooper,Reese Cooper Brushed Cotton Cargos,3,New,Blue,30,$200 ,8,1,"SS22 “Fresh Air”
Never worn, 10/10 condition.
Retail:$400+
*FINAL SALE* NO RETURNS",1
26,26,Reese Cooper,AW 2021 Pyrophyte Cotton Cargo Pants,7,Used,Black,32,$165 ,5,1,"A bit of fading. Good condition. Loose straight fit.
Ships from nyc in 3-5 days.",1
27,27,Reese Cooper × Streetwear,Black Relaxed Fit Trousers,13,New,Black,34,$70 ,6,0,"Beautiful pair of black pleated trousers from Reese cooper.
Wide legged relaxed fit
Insanely nice quality and details
BRAND NEW",1
28,28,Reese Cooper,Nylon Cargo Shorts Green,28,New,Green,27,$63 ,4,1,"Reese Cooper
Nylon Cargo Shorts
Green
New w/o tags
originally $325
The “HOW A LETTER TRAVELS” tag is loose on the left side.",0
29,29,Reese Cooper,Nylon Cargo Short,31,Used,Green,30,$115 ,3,1,"Purchased directly from Reese Cooper
Retailed around $300
Lightweight Cordura nylon cargo short
Great summer short
I am doing a closet clearout, so I am doing package deals!
Open to offers
You are buying the item as is so please look at the pics carefully and ask any questions beforehand. Once the item is shipped it is no longer my responsibility(fees, duties, taxes), no returns or refunds.",0
30,30,Reese Cooper,RCI Single Pocket Pants,9,Used,Grayish green?,30,$81 ,8,1,"RCI pants from “how a letter travels”
Pocket on leg of pants has a zipper on the side with a “hidden” pocket. These were ripped and repaired on the sides - see pics",1
31,31,Reese Cooper,Reese Cooper Ripstop Cargo Short Grey Trail Map Camo Medium,22,New,Grey,30,$100 ,7,0,"Reese Cooper Ripstop Cargo Short Grey Trail Map Camo
Size Medium
Brand New",0
32,32,Reese Cooper,Reese Cooper Logo Sweatpants,7,Used,Black,30,$135 ,6,0,"High quality pants
Fit baggy
Could fit waist size 29-31
Will ship same or next day!",1
33,33,Grail × Reese Cooper × Streetwear,BRUSHED COTTON CANVAS CARGO PANTS,20,Gently Used,Black,36,$150 ,11,1,"**READ THIS FIRST**
• If you're just here to be a dick, keep it moving and take that shit elsewhere <U+0001F60A>
• No returns. If you have a question or need more pics please ask.
• No refunds. If you have a question or need more pics please ask.
• Ships anywhere within the USA usually 2-day priority.
• Overseas shipping is available <U+0001F6A8>BUT YOU MUST PAY SHIPPING AND IT'S NOT CHEAP<U+0001F6A8> I don't set the prices, that's just the reality of international shipping, PLEASE DO NOT COMPLAIN ABOUT SHIPPING PRICES!
• Please ask all questions before making offers. Offers are BINDING so once I accept the payment goes through.
• Serious inquiries only please.
• If you lowball please stop using Grailed. You will be ignored and blocked.
• Shipping times may take up to 7 days depending on location.
• Bundle discount on two or more items purchased, check out my other stuff for sale! <U+270C><U+FE0F><U+0001F918><U+0001F91D>
Worn but no visible flaws/stains, still in great condition.
Drawstrings on the cargo pockets on the back which give it a unique look and the ability to cinch at the knee.
Drawstring bottom hems.
Some heel drag on the hems, nothing crazy. Just gives them character really.
Fit pics for reference.
Retail was $450
100% Cotton
Zipper Fly
Welt Hand Pockets
Cargo Patch Pockets on Front with Snap Closure
Patch Pockets on Rear
Darting at Knee
RCI Signature Hook Detail
Draw String Cuffs
Model is 6’3” - 170lbs wearing a 34",1
34,34,Levi's × Reese Cooper,Levis Reese Cooper Straight Denim Jeans,11,New,Navy,36,$160 ,4,0,brand new with tags,1
35,35,Reese Cooper,Reese Cooper RCI Forest Service Sweats,25,Gently Used,Green,32,$85 ,7,0,"Size M
9/10 Condition",1
36,36,Reese Cooper,Reese Cooper RCI Logo Embroidered Sweatpants,4,New,Black,28,$99 ,6,0,"Reese Cooper RCI Logo Embroidered Sweatpants In Black.
No longer on the Reese Cooper website.
Size XS
I purchased this item on the Reese Cooper website. Never washed or worn, only when trying it on. I can ship this out same day it is purchased. Feel free to message me for more information. Thanks!",1
37,37,Reese Cooper × Vintage,Vintage Reese Cooper SS21 Camo Tactical Pants,28,Gently Used,Tan camo,34,$158 ,4,1,great condition.,1
38,38,Levi's × Reese Cooper,Levis Reese Cooper Straight Denim Jeans,7,New,Beige,32,$160 ,4,0,brand new with tags,1
39,39,Reese Cooper,Reese Cooper Brushed Cotton Canvas Cargo Pants in Black,19,New,Black,32,$280 ,9,1,"Condition: Brand New
Size: 32
Shipping: Ships within 2 business days
Feel free to ask any other questions!
No trades
ALL SALES FINAL
Reese Cooper",1
40,40,Reese Cooper,Reese Cooper Nylon shorts,13,Gently Used,Green,32,$107 ,4,0,"Nylon cargo shorts from reese cooper
Worn maybe 3 times
100% nylon
Waist fits like a 31-32, minimal stretch.",0
41,41,Levi's × Reese Cooper,Levis Reese Cooper Straight Denim Jeans,6,New,Navy,34,$150 ,5,0,brand new with tags,1
42,42,Reese Cooper,Reese Cooper Brushed Canvas Cargo Pants Oat Grass,12,New,Beige,32,$132 ,5,1,Reese Cooper Brushed Canvas Cargo Pants Oat Grass size 32. New never worn. Purchased from 2022 collection.,1
43,43,Reese Cooper,Reese Cooper Fever Dream paint splatter carpenter pants,67,Gently Used,Black,32,$259 ,10,0,"Reese Cooper Washed Black Denim Paint Splatter Carpenter pants from Fever Dream collection
Size tag says 32 but fits like 33 waist. Barely worn",1
44,44,Reese Cooper,Panelled Nylon Sport Trouser Reece Cooper,26,Gently Used,Green,34,$135 ,5,1,"Work once and cared for by instructions
Basically new",1
45,45,Reese Cooper,<U+0001F525>[SALE]<U+0001F525> Reese Cooper Flags Joggers Brown Sweatpants,11,New,Brown,34,$194 ,16,1,"<U+30FD>`<U+3001><U+30FD>``<U+3001><U+30FD>`<U+30FD>`<U+3001><U+3001><U+30FD> `<U+30FD> <U+3001><U+3001><U+3001><U+30FD> `
<U+30FD>`<U+30FD>`<U+30FD><U+30FD>`<U+3001><U+30FD>`<U+0001F319>`<U+3001><U+30FD>```<U+30FD>`<U+3001><U+30FD><U+3001>
<U+3001><U+30FD> <U+3001>``<U+3001> `<U+3001>` <U+3001>` <U+30FD>`<U+30FD><U+3001><U+30FD> ` <U+3001>`<U+30FD>
`<U+3001><U+30FD>``<U+3001><U+30FD>DARKLY STORE<U+3001>`<U+3001><U+30FD>``<U+3001><U+3001>
<U+3001><U+30FD><U+30FD>`<U+3001>`<U+3001><U+3001><U+30FD><U+30FD><U+3001>``<U+3001> <U+3001> <U+30FD><U+3001><U+3001>``<U+3001>
<U+30FD>``<U+3001><U+30FD>`<U+30FD>`<U+3001><U+3001><U+30FD> `<U+3001> <U+3001><U+30FD>`<U+3001><U+30FD> `<U+3001> <U+3001>
`<U+30FD><U+3001>``<U+30FD>`<U+3001><U+3001><U+30FD><U+0001F6B6><U+0001F3FB><U+200D><U+2642><U+FE0F><U+3001><U+30FD><U+30FD>`<U+30FD><U+3001><U+3001><U+3001><U+30FD><U+3001><U+3001>
_____________________________________________
<U+2757><U+FE0F>CHECK MEASUREMENTS AND ALL PHOTOS BEFORE MAKING PURCHASE.
<U+2757><U+FE0F>NO RETURNS, EXCHANGES OR REFUNDS.
<U+2757><U+FE0F>A BUYER ARE RESPONSIBLE FOR READING FULL ITEM LISTING BEFORE MAKING THE PURCHASE.
<U+2757><U+FE0F>PURCHASING THIS ITEM A BUYER AGREE WITH RULES, LOOKED THROUGH ALL PHOTOS, KNOW ALL MEASUREMENTS AND DON’T HAVE ANY COMPLAINTS REGARDING SIZING.
_____________________________________________
<U+0001F53D>PRICE<U+0001F53D>

<U+0001F525>$380 is Retail Price<U+0001F525>
<U+0001F525>$185 is Price of Our Shop<U+0001F525>
Your Extra Benefit:
-You can request 1 day shipping for $25
<U+25FE>LAST ONE ITEM<U+25FE>
<U+0001F525>Don't miss an opportunity to buy it NOW. Or someone else will buy it<U+0001F525>
<U+0001F53D>DESCRIPTION<U+0001F53D>
New with Tags
100% authentic and genuine.
Size Large/US34
<U+0001F53D>MEASURMENTS<U+0001F53D>
For better understanding measurements, measure your basic similar item by the same way we measured (pics of measurements are in the listing) and compare measurements with our.
<U+0001F53D>SHIPPING <U+0001F53D>
<U+25FE>UPON REQUEST AND ADDITIONAL<U+25FE>
$25 - 1 day delivery via DHL/FedEx - only US
Text me that you want 1 day delivery and i’ll offer you total price.
<U+0001F53D>NOTES <U+0001F53D>
<U+25AA><U+FE0F>All items will be marked as a «Gift». I will indicate a lower item value on the custom form.
<U+25AA><U+FE0F>There may be any delays in delivery.
<U+25AA><U+FE0F>Ask any questions BEFORE sending offers.
<U+25AA><U+FE0F>No returns, exchanges or refunds. Check the measurements, ask questions beforehand;
<U+25AA><U+FE0F>All the measurements are approximate (+/- 2 inch)
<U+0001F525><U+0001F525><U+0001F525>Trusted shop! Buy with confidence.",1
46,46,Reese Cooper,Reese Cooper Lightweight Cotton Cargo Pants,12,Gently Used,Green,36,$100 ,11,1,"Worn twice, and wash delicately twice, these pants are still in great condition. No tears, rips, damage, stains or smells.
The Reese Cooper Lightweight Cotton Cargo Pants are a size 36 in Men's and the color is a cargo/Forrest green.
Pants are all cotton but feel a bit like linen which why it seems wrinkly
No Refunds Please Be Careful & Look Through All Photos Along With The Description When Purchasing.
Will Ship Through UPS For A Fast & Timely Manner
No International Shipping, US Only",1
47,47,Reese Cooper,Reece Cooper black nylon cargo shorts,31,Used,Black,28,$125 ,4,1,"Reese Cooper nylon shorts
size 28, waist measures 12” & stretches to 15”
4 back pockets, 2 cargo pockets w rear zip pockets, & 2 front pockets. whole lotta pockets.
Cargo pockets hang slightly longer than seam, similar to Ricks.
All items are shipped priority (USPS). $50 insurance included, any additional insurance requests will be at customer’s expense.
No international shipping.
No refunds, No returns.",0
48,48,Levi's × Reese Cooper,Levi’s x Reese Cooper Levi’s Straight Pant,47,Gently Used,Blue,30,$150 ,8,0,"Size 30 x 34 straight leg Levi’s collab with Reese cooper in brilliant condition
Message me with any questions or offers",1
49,49,Levi's × Reese Cooper,Reece Cooper x Levi’s green denim,24,Gently Used,Green,28,$100 ,5,1,Still in like new/gently used condition. Worn a handful of times. Bought from Reece Cooper a couple months ago.,1
50,50,Reese Cooper,Reese Cooper Fever Dream Splatter Paint Denim,2,Gently Used,Charcoal,30,$190 ,9,1,"Gently Used 9/10
Labelled 30 but honestly fit more like a 31
Worn these a couple times. Reese Cooper painted denim. Very cool and pretty much new. Believed these retailed for $400 so getting a good deal here.
Carpenter pocket.
See pics for details.",1
51,51,Reese Cooper,Reese Cooper Ripstop Cargo Shorts 'Orange',13,Gently Used,Orange,32,$105 ,8,1,"Reese Cooper Ripstop Cargo Shorts 'Orange'
Size medium
Worn once
OPEN TO OFFERS, PLEASE MESSAGE",0
52,52,Reese Cooper,Stamp Print Cotton Canvas Cargo Trousers,1,Gently Used,Tan,32,$195 ,4,1,Love these pants just don’t wear them as much anymore. Only kicker is that the latch on the zipper broke off. So the pants still zip up but there isn’t something to help pull it. Clean with no stains.,1
53,53,Reese Cooper,REESE COOPER BRUSHED COTTON CANVAS CARGO PANTS,13,Used,Black,36,$80 ,5,1,"Worn but no visible flaws/stains, still in great condition. These have strings on the cargo pockets on the back which give it a unique look.",1
54,54,Reese Cooper,Reese Cooper Cargo Work Shorts,18,Gently Used,Black,28,$147 ,9,1,"UNFORTUNATELY NO MORE DROPS
/ NO MORE OFFERS
Priced to sell <U+0001F91F><U+0001F601>
Really insane quality cargo shorts.
Comes with tags. Measurements from the RCI site are in the photos above^
Hmu if you have any questions <U+2728>",0
55,55,Reese Cooper,SS21 Reese Cooper RCI Denim Jeans,13,New,Navy,30,$98 ,4,1,"30x30
From the Spring/Summer 21 “River Run
Through” Collection
Minimal/Grail Wear
Like New Condition
Carabiner Clip Still attached including buttons
Offer",1
56,56,Levi's × Reese Cooper,Reese Cooper x levis canvas straight fit pants,1,Gently Used,Forest green,30,$125 ,8,0,An interesting material switch up instead of denim there’s a heavyweight canvas. Cool Reese Cooper details throughout. Size 30x34 8/10 condition. As is,1
57,57,Reese Cooper,Reese Cooper AW 21 Printed Cargo Pant,1,Gently Used,Green,30,$160 ,4,1,"Reese Cooper AW 21 Printed Cargo Pant
Size 30
Worn Once
Great workwear piece
Message me with any offers or questions!",1
58,58,Reese Cooper,COTTON HERRINGBONE CARGO PANT,5,New,Black,32,$234 ,12,1,"Brand new with tags. Size 32. Retail: $628
An RCI staple, the Cotton Herringbone Cargo Pant, returns this season featuring cargo pockets throughout and the RCI signature hook detail is finished at the waistband. Our favorite feature is the adjustable velcro at the ankle allowing you to accommodate any shoe shape.
Zipper fly
Raccagni zipper
Button closure
Welt hand pockets on front
Welt pockets with flap on back
Cargo pockets with flap and snap closure throughout
Panelling in knee
Adjustable velcro strap on ankle
RCI signature hook detail on waistband
Made in Los Angeles, CA",1
59,59,Reese Cooper,Reece Cooper Cotton Cargo Pants sz 35,1,Used,White,35,$100 ,7,1,"Reece Cooper Cotton Cargo Pants
cond. 8/10
Size 35”
$100 obo",1
60,60,Reese Cooper,Herringbone Cotton Cargo Pants,18,Gently Used,Coyote,30,$195 ,11,1,"REESE COOPER
Brown Herringbone Cotton Cargo Pants
Herringbone cotton trousers.
Condition 9,5/10, worn for 3 times
· Button-fly
· Belt loops and signature lanyard-clasp hardware at waistband
· Nine-pocket styling
· Pleats at knees
· Velcro tabs at cuffs
· Reinforced panel at inseam
· Logo-engraved silver-tone hardware
Supplier color: Coyote
100% cotton.
Made in United States",1
61,61,Reese Cooper,Reese Cooper Cotton Cargo Shorts in Khaki,7,New,Khaki,30,$150 ,6,1,"Condition: Brand New
Size: 30
Shipping: Ships within 2 business days
Feel free to ask any other questions!
No trades
ALL SALES FINAL
Reese Cooper",0
62,62,Reese Cooper,REESE COOPER special project ss22 RCI BASE CAMP sweatpants,23,Gently Used,Black,32,$90 ,6,1,"read first before buy
can do ship worldwide
buy it or offer your price
Reese Cooper special project ss22 RCI BASE CAMP sweat pants
size medium on tag garterized fits 30-32 mens waistline
still in presentable and prestine condition
no flaws only sign of use
see picture details posted
feel free to ask questions just dm me
payment accepted paypal only
shipping via DHL express 3-5 days only
no delays
thank you and happy shopping…",1
63,63,Reese Cooper,Outdoor Supply Waxed Cotton Pant in Green,23,New,Green,32,$128 ,7,1,Really cool lightweight piece. I bought this from the official site. wish I could wear it but it’s too small for me. It says it’s size 34 but it fits like a 32 !,1
64,64,Reese Cooper,Reese Cooper Cotton Cargo Shorts in Khaki,5,New,Khaki,34,$150 ,6,1,"Condition: Brand New
Size: 34
Shipping: Ships within 2 business days
Feel free to ask any other questions!
No trades
ALL SALES FINAL
Reese Cooper",0
65,65,Reese Cooper,Reese Cooper Brown Hitch hiking cargo pants size 32,32,Gently Used,Brown,32,$60 ,3,1,"Size 32
Worn a handful of times excellent condition",1
66,66,Reese Cooper,Reese Cooper Cargo Short,38,New,Black,30,$145 ,5,1,"-Reese Cooper Cargo Shorts in Black. Size 30.
-Great Quality shorts as with all Reese Cooper pieces.
-FAST shipping immediately after purchase with USPS MAIL & Tracking. *Shipping within the USA only*
-tags have been removed
-No refunds or returns.",0
67,67,Reese Cooper,Reese cooper cargo 34,7,Gently Used,Orange,34,$67 ,3,1,"Orange color
Worn 2x times
Great color
Great hardware",1
68,68,Reese Cooper,"Final drop, repost in 72hrs COORDINATE JEANS",27,Gently Used,Blue,34,$129 ,5,1,"Worn a few times but have zero flaws
Can fit a 36 imo
Grab a sweet pair of denim from an early Reese Cooper collection!
Open to offers but plz don’t lowball",1
69,69,Reese Cooper,Reese Cooper Sweatpants,2,Gently Used,Black,32,$90 ,5,0,"Only worn a few times.
Baggy fit with 3 pockets plus cargo pocket on leg.",1
70,70,Reese Cooper,Reese Cooper SS21 Black Pintuck Trousers,13,Gently Used,Black,32,$180 ,10,1,"Straight-leg brushed cotton canvas trousers in black. Mid-rise. Five-pocket styling. Belt loops and lanyard clasp hardware at waistband. Pleated pintucks at front and back legs. Button-fly. Silver-tone hardware. No signs of wear.
Message me with any questions!",1
71,71,Reese Cooper,Nylon Cargo Shorts Green,22,New,Green,27,$108 ,4,1,"Reese Cooper
Nylon Cargo Shorts
Green
New w/o tags
originally $325",0
72,72,Levi's × Levi's Vintage Clothing × Reese Cooper,Reese Cooper X Levi Straight fit denim jeans,7,Gently Used,Blue,36,$200 ,5,1,"Size 36, worn twice, only 1 on Grailed in this size
Cottonized Hemp
Button fly closure
Two patch hand pockets on front
Two patch pockets on back
RCI signature hook detail on waistband
RCI x Levi’s Tab on back right pocket
RCI x Levi’s back patch on back waistband
Triple-needle stitching throughout
RCI x Levi’s metal buttons throughout
RCI embroidery on front right knee
Blowout on front right knee
Produced by Levi’s
Made in Turkey
Dm for any questions / concerns :)",1
73,73,Levi's × Reese Cooper,Levis Reese Cooper Straight Denim Jeans,23,New,Navy,32,$180 ,6,0,brand new with tags,1
74,74,Reese Cooper,Reese Cooper RCI Forest Service Sweats,1,Gently Used,Black,32,$125 ,7,0,"Size M
9/10 Condition",1
75,75,Reese Cooper,Reese Cooper Paneled Sport Pant,8,Gently Used,Black,34,$130 ,4,0,Worn Twice Retail $578,1
76,76,Reese Cooper,Grey trail shorts M,16,New,Grey,32,$87 ,4,0,"Imagine being on a trail.
And you see.
Gorilla da spinna <U+0001F98D>
Gorilla da spinna <U+0001F98D>
Gorilla da spinna <U+0001F98D>
Orangtuan a banging on my chest <U+0001F9A7>
Orangtuan a banging on my chest <U+0001F9A7>
Orangtuan a banging on my chest <U+0001F9A7>
Only possible In these shorts. Get em whole they’re in.
Ships next day as always <U+2764><U+FE0F><U+0001FAF6><U+0001F3FC>",0
77,77,Grail × Reese Cooper × Streetwear,<U+0001F6A8>FINAL PRICE!!<U+0001F6A8>Cotton Herringbone Stamp Print Cargo Pant,42,Gently Used,Khaki,32,$129 ,10,1,"<U+0001F6A8>FINAL PRICE!!<U+0001F6A8>
**READ THIS FIRST**
• If you're just here to be a dick, keep it moving and take that shit elsewhere <U+0001F60A>
• No returns. If you have a question or need more pics please ask.
• No refunds. If you have a question or need more pics please ask.
• Ships anywhere within the USA usually 2-day priority.
• Overseas shipping is available <U+0001F6A8>BUT YOU MUST PAY SHIPPING AND IT'S NOT CHEAP<U+0001F6A8> I don't set the prices, that's just the reality of international shipping, PLEASE DO NOT COMPLAIN ABOUT SHIPPING PRICES!
• Please ask all questions before making offers. Offers are BINDING so once I accept the payment goes through.
• Serious inquiries only please.
• If you lowball please stop using Grailed. You will be ignored and blocked.
• Shipping times may take up to 7 days depending on location.
• Bundle discount on two or more items purchased, check out my other stuff for sale! <U+270C><U+FE0F><U+0001F918><U+0001F91D>
<U+0001F6A8>FINAL PRICE!!<U+0001F6A8>
Reese Cooper PYROPHYTE COLLECTION STAMP PRINT CARGO PANT
Gently used, worn maybe 3 times, no major flaws.
Fit pic for reference in the green color way.
Retails for $628
From Reese:
An RCI staple, the Cotton Herringbone Cargo Pant, returns this season featuring an updated print. Drawing inspiration from the etching of a tree, our custom Etching Camo is seen in both sage and khaki. Per usual, the cargo pants feature cargo pockets throughout and the RCI signature hook detail is finished at the waistband.
Zipper fly
Raccagni zipper
Button closure
Welt hand pockets on front
Welt pockets with flap on back
Cargo pockets with flap and snap closure throughout
Panelling in knee
Adjustable velcro strap on ankle
RCI signature hook detail on waistband
Made in Los Angeles, CA
<U+0001F6A8>FINAL PRICE!!<U+0001F6A8>",1
78,78,Reese Cooper,Reese Cooper Denim Cargo Pants,1,New,Denim,34,$224 ,2,1,"Brand New w/ Tags
Retail- $500+
Size 34x32
Ships Next Day
Send Offers",1
79,79,Reese Cooper,"Final drop, repost in 72hrs COORDINATE JEANS",27,Gently Used,Blue,34,$120 ,5,1,"Worn a few times but have zero flaws
Can fit a 36 imo
Grab a sweet pair of denim from an early Reese Cooper collection!
Open to offers but plz don’t lowball",1
80,80,Levi's × Reese Cooper,Reese Cooper Levi’s Straight Fit Denim Jean,21,New,Blue,32,$170 ,5,1,"Size 32x34
Custom RCI x Levis hardware and back tab
RCI embroidery above right knee blowout
Signature RCI hook on belt loop
Ships with original tags and packaging",1
81,81,Reese Cooper,Reese Cooper Pintuck Trousers,1,New,Beige,34,$152 ,19,1,"Size:34x34
Retail: $400
Condition: New with tags
100% authentic
Fast shipper
Dm with any questions",1
82,82,Reese Cooper,Reese Cooper AW21 Forest Pants,13,Gently Used,Green,34,$180 ,5,0,"Released from the A/W 2021 “Pyrophyte”collection
Size L fits baggy
Probably the highest quality/heaviest pants I’ve owned
Slight distressing due to the “worn” Reese Cooper look",1
83,83,Reese Cooper,Reese Cooper RIVER RUNS THROUGH Cargo Short,12,Used,Black,28,$105 ,5,0,"Beautifully constructed shorts from Reese Cooper. Used, but sturdy and no damage is present. Size 28, I normally wear a size 30 and they fit perfectly.",0
84,84,Reese Cooper,reese cooper cargo pants,46,Used,Black,32,$130 ,11,0,"reese cooper hitchhiking cargo pant
size 32
i did some tailoring to these pants just to make them a little more skinny, but they still fit exactly like a 32.
if you need measurements i will provide.
i added some fit pictures
amazing quality on these pants. retail was $400
located in nyc
thanks, all sales final",1
85,85,Reese Cooper,River Runs Through SS21 Cargo Pants Cotton,39,New,White,36,$194 ,6,1,Brand new with tag. Retails $360+ Perfect for spring.,1
86,86,Reese Cooper,Reese Cooper Special Projects Cargo Pants,12,New,Blue,32,$142 ,6,1,"Rare waxed cotton Reese Cooper Cargo pants
Retail: $448
Brand new
Size 30, but fits like a 32",1
87,87,Levi's × Reese Cooper,Levi's X REESE COOPER Denim Jeans,12,Gently Used,Denim,36,$377 ,10,1,"This limited collaboration denim collection between Levi's and REESE COOPER has it's unqiue wash and treatment to the denim. Looks even better in person!
Waist: 36 Length: 34",1
88,88,Reese Cooper,Reese Cooper pleated wool cargos,7,Gently Used,Plaid,28,$80 ,6,1,"Size 28
Great piece for fall
Tons of details and a great pattern
Only shipping to US/Canada",1
89,89,Reese Cooper,Reese Cooper Organic Dye Cargo Pants,6,Gently Used,Black,30,$173 ,16,1,"Reese Cooper Organic Dye Cargo Pants
Black Size 30
Inseam has been shortened
refer to measurements
7/10 condition. Used a bit. some fading and a couple spots, see photos
only notable thing is I did cut off the signature reese cooper keychain <U+0001F972>sorryyyy
only shipping within the US or CA",1
90,90,Reese Cooper,Reese Cooper Cargo Shorts S/S 22' Trail Map Camo,2,New,Gray,32,$80 ,5,1,"Reese Cooper Ripstop Cargo Short Grey Trail Map Camo Large
Spring Summer 2022
New With Tags
Never worn
Retail $298",0
91,91,Reese Cooper × Streetwear,Reese cooper cargo pants size 34,9,New,Orange,34,$150 ,5,1,Brand new with tags size 34 x34,1
92,92,Reese Cooper,$348 Reese Cooper RCI Embroidered Sweatpants Black - Size S,49,Used,Black,30,$120 ,7,0,"100% Authentic
Condition: Used
Size: Small
Item Description: Made from a heavyweight french terry and constructed with front panelling. Finished with the RCI hook on the waistband, elongated drawstrings, and a subtle cargo pocket on the right leg, these trousers are perfect for everyday wear.
Wore these a good bit but no major signs of wear. Please judge condition from photos above all else.
Shipping: No returns. All sales final.
Let me know if you have any questions and have a great day!",1
93,93,Reese Cooper,RCI Forest Sweatpants (size L),34,New,Forest green,30,$108 ,6,0,Retail: $368,1
94,94,Levi's × Reese Cooper,Canvas Straight Fit Jeans,1,New,Natural,30,$220 ,4,1,"Reese Cooper x Levi’s
Organic cotton canvas straight fit
30x34
Brand new",1
95,95,Reese Cooper,"Oat Grass Embroidered Pleated pants, size 32",35,New,Beige,32,$165 ,10,1,"Brand new with tags. Retail price $488
Reese Cooper pleated pants with beautifully embroidered oat grass design on bottom of pants. Size 32. Made in USA.
10/10 condition. Pants have never been washed. No holes, smells, rips, tears, stains, or issues with pants. Have pants in hand, will ship same day payment is received",1
96,96,Reese Cooper,Reese Cooper Brushed Cotton Canvas Cargo Pants,1,Gently Used,Black,31,$140 ,5,1,"NA shipping only, all sales final.
Gently used still in fantastic condition with original hang tag.
Very heavy and baggy cargo pants.
Open to offers.",1
97,97,Reese Cooper,SS21 Reese Cooper RCI Denim Jeans,6,New,Navy,30,$127 ,4,1,"30x30
From the Spring/Summer 21 “River Run
Through” Collection
Minimal/Grail Wear
Like New Condition
Carabiner Clip Still attached including buttons
Offer",1
98,98,Levi's × Reese Cooper,Reese Cooper Levi's Straight Fit Duck Canvas Pants in Green,43,New,Green,34,$170 ,6,1,"Condition: Brand New
Size: 34x34
Shipping: Ships next day!
Feel free to ask any other questions!
No trades
ALL SALES FINAL
Reese Cooper x Levi's",1
99,99,Reese Cooper,Reese Cooper Cargo Work Pants,72,New,Khaki,34,$260 ,6,0,New without tags. Size 34. Message me with any questions!,1
100,100,Reese Cooper,RCI sweatpants,15,Used,Black,33,$126 ,4,1,Used like new size Large. Only selling bc they are too big.,1
101,101,Reese Cooper,Outdoor Supply Waxed Cotton Pant in Green,26,New,Green,32,$90 ,7,1,Really cool lightweight piece. I bought this from the official site. wish I could wear it but it’s too small for me. It says it’s size 34 but it fits like a 32 !,1
102,102,Reese Cooper,Reese cooper knee works pants in coffee,7,New,Brown,32,$140 ,5,1,Never worn out,1
103,103,Reese Cooper,Against The Wind Fatigue pants,16,Gently Used,Grey,32,$76 ,6,1,I’m good but used condition with some very minor stains on the right front pocket as pictured. Otherwise beautiful and very high quality garment. Selling for a good price!,1
104,104,Reese Cooper,Corduroy Adventure Cargo Pants,9,Gently Used,Tan,30,$200 ,5,1,Amazing detailing. Straight leg fit. Paid $480 originally. Good condition. Fits 31-32 waist best.,1
105,105,Levi's × Reese Cooper,Reese Cooper Levi’s Jeans Size 28x34,4,Gently Used,Blue,28,$107 ,6,1,"Ripped knee. Other that pants look new!
Any questions please dm us! Checkout our other listing! We ship within 24 hours!
Thank you<U+0001F91E><U+0001F3FD>",1
106,106,Reese Cooper,Reese Cooper Cargo,6,Gently Used,Green,32,$100 ,8,1,"Reese Cooper Organic Dye Cargo
AW 2021 “Pyrophyte”
Sized 32 fits 34
Condition - 8/10
Small Mark on rise, see picture
Cool pants, too big for me was never able to wear
Bought used off here, needs dryclean",1
107,107,Reese Cooper,Reese Cooper Waxed Cotton Pants,20,New,Khaki,30,$100 ,5,1,"Brand New
Size 32, but has a very slim waist. Fits more like a size 30.
Message me for any questions.",1
108,108,Reese Cooper,Reese Cooper Nylon Panelled Sport Pant,46,New,Green,30,$215 ,10,1,"Reese Cooper Nylon Panelled Sport Pant Coloured Forest Green & Cream From FW 21. The Condition Is 10/10 As They Have Never Been Worn, As Unfortunately They Are Too Small For Me. Welcome To Offers, Contact Me For Further Information.",1
109,109,Reese Cooper,Reese Cooper Organic Dye Cargo Pants,2,Gently Used,Green,30,$228 ,10,1,"Reese Cooper Organic Dye Cargo Pants
Green Size 30
7/10 Worn a bit, some slight fading
also i cut off the keychain piece
length has been hemmed as well
refer to measurements
only shipping within the US",1
110,110,Reese Cooper,Reese Cooper Organic Dye Cargos Brown,19,Gently Used,Brown,30,$210 ,16,1,"Reese Cooper Organic Dye Cargos
Brown Size 30
Used a bit, starting to fade
these have been hemmed
refer to measurements
i also cut off the signature rc keychain thing, sorry :(
other than that no major flaws
only shipping within the US",1
111,111,Reese Cooper,Reese Cooper Cargo Pants,0,Gently Used,Black,34,$237 ,5,1,"Amazing pants
So many pockets and Velcro straps on the ankle as well",1
112,112,Reese Cooper,How A Letter Travels - Linen Cargo Trouser (Watercolor Camo),12,Gently Used,Water colour camo,34,$100 ,6,1,"Condition: 9/10
Size: 34
Excellent condition, worn few times. No blemishes, marks, stains, rips, holes, etc.
Reese Cooper SS20 “How A Letter Travels” Collection. Features a key hook on the waistline and cargo flap pocket on the thigh. True to size.",1
113,113,Reese Cooper,Reese Cooper Pants Against The Wind Collection,29,Gently Used,Blue,30,$100 ,5,1,"Work only a handful of times, great condition.
The lighting in my room makes them look darker than they are, but the editorial photo is exactly what they look like, in terms of color and fit",1
114,114,Reese Cooper,Reese Cooper Patchwork Jeans,17,Gently Used,Denim,28,$120 ,9,1,"I can count on my fingers how many times I've worn this. I want to say around 8 times lightly total.
From Spring Summer 2021, ""River Runs Through.""
Very nicely washed, cool pair of quality, slim straight jeans- details are crazy on these.
Fits kinda like a pair of Levi's 501. Inseam is on the longer side, roughly 32. Rise is standard.
Offer up!",1
115,115,Reese Cooper,Reese Cooper Herringbone Cotton Cargo Sage Brand New Sz 36,0,New,Sage,36,$215 ,11,1,"•Brand New With Tags
•Size 36, spacious fit. Please refer to size chart for measurements.
•Color: Sage
•Feel free to contact me with any questions, or need any other photos
•US Shipping Only
--------
Please ask all your questions before sending offers.
No returns, exchanges, or refunds. Please make sure to throughly look at images and contact me for more information before making a purchase.",1
116,116,Levi's × Reese Cooper,*LAST DROP* Reese Cooper Levi Embroidered Jeans Sold Out,41,Gently Used,Green,32,$135 ,8,0,"100% Authentic
Size 32x34
Worn once
Sold out
Rare
Ready to ship",1
117,117,Levi's × Reese Cooper,Reese Cooper X Levi’s Denim,31,Gently Used,Blue,36,$185 ,5,0,"Reese Cooper X Levi’s Denim
Size: 36
Condition: Gently Used
** MEMBER SINCE 2015
*** GRAILED TRUSTED SELLER
**** OVER 180 FIVE <U+2B50><U+FE0F> REVIEWS
***** 260+ POSITIVE TRANSACTIONS
****** NO RETURNS / NO EXCEPTIONS",1
118,118,Reese Cooper,Reese Cooper Organic Dye Cargo Pants Trousers Green Olive 30,73,New,Green,30,$285 ,7,1,"Brand new with tags attached. Insane quality and details. Dry clean only.
Model wears size 30
Model measures: Height 183cm, Chest 36”/91cm, Waist 28”/70cm, Hip 36”/91cm",1
119,119,Reese Cooper,Reese Cooper Waxed Cotton Pants,7,New,Khaki,30,$127 ,5,1,"Brand New
Size 32, but has a very slim waist. Fits more like a size 30.
Message me for any questions.",1
120,120,Reese Cooper,Fever Dream Black Paint Splatter Jeans $398 Retail,3,Gently Used,Black,30,$170 ,7,0,"Worn 2X
2 Day Priority Shipping",1
121,121,Reese Cooper,Reese Cooper Pants,7,Gently Used,Gray/olive,30,$127 ,4,0,"- perfect stacking
- comes with attachment ( adds for great silhouette
- fits amazing wit most shoes
- color is shown in 3rd pic",1
122,122,Reese Cooper,Reese Cooper Organic Dye Cargo Trouser,41,New,Green,32,$265 ,3,1,"BNWT
Retail $398
CONUS shipping only
No refunds or returns",1
123,123,Levi's × Reese Cooper,Reese Cooper x Levi’s Canvas Straight Fit Jeans,2,New,Cream,32,$115 ,7,1,"Worn only once, basically brand new
32x34",1
124,124,Reese Cooper,Hitchhiker Denim,3,Gently Used,Blue,32,$212 ,4,1,"Item: Reece Cooper Hitchhiker denim
Condition: Good used condition - see photos.
Sizing: Measurement 32 (not tagged)
—-
All sales are final, not exchanges or refunds
No flakes/time wasting - If you offer, be PayPal ready
or get blocked.",1
125,125,Reese Cooper,Reese Cooper Corduroy Cargo Trouser Baby Blue PF20,9,Gently Used,Blue,32,$150 ,2,1,"In amazing condition, no major flaws
Message me if you have questions",1
126,126,Reese Cooper,Reese Cooper Denim,34,Gently Used,Denim,30,$77 ,3,1,"size 30
worn handful of times
no flaws
Hence using original hem",1
127,127,Reese Cooper,Stamp Print Cotton Canvas Cargo Pants 34,10,New,Forest green,34,$110 ,3,0,"Stamp Print Cotton Canvas Cargo Pants
Forest Green
Size 34
Never Worn",1
128,128,Reese Cooper,Reese Cooper Lightweight Cotton Cargo Pants,5,Gently Used,Brown,36,$105 ,7,1,"Worn twice, and wash delicately twice, these pants are still in great condition. No tears, rips, damage, stains or smells.
The Reese Cooper Lightweight Cotton Cargo Pants are a size 36 in Men's and the color is brown.
The material is cotton but feels a bit more like linen which is why it seems a bit wrinkly.
No Refunds Please Be Careful & Look Through All Photos Along With The Description When Purchasing.
Will Ship Through UPS For A Fast & Timely Manner
No International",1
129,129,Reese Cooper,Snap Leg Cargo Quilted Cargo,84,New,Black,32,$184 ,5,0,"insulated cargo trouser filled primaloft
snap and zipper opening.
cargo pocket.
retail: $576",1
130,130,Reese Cooper,Reese Cooper Work Pants Wide Leg,78,Gently Used,Tan,32,$70 ,4,1,"Reese Cooper pants that are similar to the OG 107 cut.
Nice details and quality made.
Only use 3 times. Not really my style.",1
131,131,Designer × Reese Cooper × Streetwear,REESE COOPER PYROPHYTE COLLECTION KHAKI CARGO PANTS!,14,Gently Used,Khaki,32,$120 ,9,1,"AMAZING RARE STREETWEAR DESIGNER REESE COOPER 2021 PYROPHITE COLLECTION ALL OVER PRINT KHAKI CARGO PANTS SIZE 32”x 30”. So much nice detail like the Velcro down at the ankle hems and all over print paint patches. Great quality zero flaws. Looks like these were retailing for $400+.
#reesecooper #designer #cargo #streetwear #alloverprint
<U+0001FAC0><U+0001FAC0><U+0001FAC0>free shipping with bundles
<U+2728><U+2728><U+2728>message me on ig @buttons_vintage for questions and additional pics
<U+0001F31E><U+0001F31E><U+0001F31E>always open to offers and almost always will work with you on deals
<U+0001F308><U+0001F308><U+0001F308>Message for additional measurements
<U+0001F48A><U+0001F48A><U+0001F48A>Will accept returns within reason
<U+0001F940><U+0001F940><U+0001F940>What I lack in presentation in terms of packaging itself I try to make up for with fast shipping and good prices
<U+0001F441><U+0001F441><U+0001F441>Please follow, new product almost every day
<U+0001F30E><U+0001F30E><U+0001F30E>International shipping starts at $15 for Canada and $25 for everywhere else, price goes up with weight
<U+0001F9A0><U+0001F9A0><U+0001F9A0>No Trades Plz",1
132,132,Reese Cooper,Reese Cooper Patched Nylon Cargo,19,Gently Used,Black,32,$200 ,5,1,"Tagged 32 and fit tts
Refer to measurements
Message me if you have any questions",1
133,133,Reese Cooper,Reese Cooper SS21 Organic Dye Cargo Pants,51,Gently Used,Olive,33,$140 ,7,1,"Tagged 32 but fits more like 33.
Hemmed to 27in inseam.
Dry cleaned after taking photos",1
134,134,Reese Cooper,Reese Cooper Lightweight Cotton Cargo Pants,2,Gently Used,Green,36,$80 ,11,1,"Worn twice, and wash delicately twice, these pants are still in great condition. No tears, rips, damage, stains or smells.
The Reese Cooper Lightweight Cotton Cargo Pants are a size 36 in Men's and the color is a cargo/Forrest green.
Pants are all cotton but feel a bit like linen which why it seems wrinkly
No Refunds Please Be Careful & Look Through All Photos Along With The Description When Purchasing.
Will Ship Through UPS For A Fast & Timely Manner
No International Shipping, US Only",1
135,135,Reese Cooper,Reese Cooper Ripstop Cargo Shorts River Rock Camo,1,Gently Used,Blue,36,$60 ,5,1,"Reese Cooper Ripstop Cargo Shorts, the color would be the river rock Camo
Size is a XXL which would be about a 36.
Worn only a handful of times close to about 3-4 times, and cleaned/washed about the same time, still in excellent condition.
No tears, rips, damages.
Will Ship Through UPS For A Fast & Timely Manner.
No Refunds, Please Be Careful & Look Through All Photos, Along With The Description When Purchasing.
No International Shipping, US Only.",0
136,136,Reese Cooper,REESE COOPER KHAKI WORK CARGO PANTS,6,Gently Used,Tan,32,$150 ,15,1,"AW18 REESE COOPER KHAKI WORK CARGO PANTS
Worn maybe 2/3 times, not my size.
Few very small white paint splatters pointed out in pictures!
Since buying from another buying a small tear on the right leg and back pocket button bas fallen off, compare all photos please
The quality on these are INSANE!
So many fine details!
Please feel free to reach out with any questions!",1
137,137,Reese Cooper,Reese Cooper Lightweight Cotton Cargo Pants in Brown.,19,Gently Used,Brown,32,$180 ,11,1,"Reese Cooper Lightweight Cotton Cargo Pants in Brown.
Size 32 fits M/L eazy for me too big, wear 30-31 denim size
Worn 4 times like new!",1
138,138,Reese Cooper,cotton cargo shorts,18,New,Brown,30,$100 ,4,1,new,0
139,139,Reese Cooper,SS21 Brush Camo River Run short,14,New,Green,34,$181 ,8,1,"REECE COOPER
SS21 “River Runs Through” short
Brush Camo NWT
Two side pockets
Two front cargo pockets
Two back cargo pockets
Elastic drawstring waist band
Made in USA
Size XL",0
140,140,Reese Cooper,$348 Reese Cooper RCI Embroidered Sweatpants Slate - Size S,5,Used,Blue slate,29,$160 ,11,0,"100% Authentic
Condition: Used
Size: Small
Item Description: Made from a heavyweight french terry and constructed with front panelling. Finished with the RCI hook on the waistband, elongated drawstrings, and a subtle cargo pocket on the right leg, these trousers are perfect for everyday wear.
The color on these is amazing. Wore them a lot but no major signs of wear. Please judge condition from photos above all else.
Shipping: No returns. All sales final. Located in Philadelphia.
Let me know if you have any questions and have a great day!",1
141,141,Levi's × Reese Cooper,Reese Cooper Levi Straight Fit Denim Blue Pants Sold Out,37,Gently Used,Blue,32,$165 ,7,0,"100% Authentic
Size 32x34
Worn once
Sold out
Rare
Ready to ship",1
142,142,Reese Cooper,Reese Cooper Pintuck Trousers Size 34,9,Gently Used,Black,34,$130 ,12,1,"Size:34x34
Retail: $400
Condition: Worn once for an hour. Reese cooper tags still attached
100% authentic
Fast shipper
Dm with any questions",1
143,143,Reese Cooper,Reese Cooper Green Cargo Pants,16,Gently Used,Green,32,$140 ,4,1,"Reese Cooper Green Cargo Pants
Size 32
Great Condition",1
144,144,Reese Cooper,Reese Cooper Sage Patch Pocket Sweatpants,31,New,Sage,34,$165 ,6,0,"Brand new
Size tagged XL
Fits 33-35
Inseam around 33
Only BINDING offers will be replied
Ship within two business days after payment received",1
145,145,Reese Cooper,Reese Cooper Ripstop Cargo Short Grey Trail Map Camo Medium,2,New,Grey,30,$155 ,7,0,"Reese Cooper Ripstop Cargo Short Grey Trail Map Camo
Size Medium
Brand New",0
146,146,Reese Cooper,AW20 If a Tree Falls Washed Denim Jeans (Straight Leg),23,New,Blue,32,$150 ,3,0,"Brand New with Tags
Hook Detail
Looser Fit in Waist and Legs
Wiser Wash Process",1
147,147,Reese Cooper,AW21 Pyrophyte Washed Denim Jeans (Straight Leg),34,New,Blue,32,$150 ,7,0,"Retail: $450
Fits slightly loose
Wiser Wash Process",1
148,148,Reese Cooper,Reese Cooper Organic Dye Cargo Pants Olive,112,New,Olive,32,$150 ,8,1,"* Condition: Brand New
* Size: 32

* Retail is $400
* Shipping: Monday & Thursday Every Week
* Ask Me Any Questions!
* No Trades
* PLEASE NOTE I MEASURE ALL MY PRODUCT UNLESS THE MANUFACTURER OR STORE PROVIDES THE MEASUREMENTS. I ALSO TRY MY BEST TO DO MY RESEARCH ON HOW A PRODUCT FITS. PLEASE DO YOUR RESEARCH AS WELL TO GUARANTEE THE BEST THE FIT POSSIBLE.
* ALL SALES FINAL",1
149,149,Reese Cooper,Reese Cooper RCI Embroidered Sweatpants Lavender,36,New,Purple,30,$150 ,9,1,"Condition: Brand New
Size: Small
Shipping: Ships within 2 business days
Feel free to ask any other questions!
No trades
ALL SALES FINAL
Reese Cooper",1
150,150,Reese Cooper,Reese Cooper Black Cargo Pants,11,Gently Used,Black,32,$167 ,4,1,"Reese Cooper Black Cargo Pants
Size 32
Great Condition",1
151,151,Reese Cooper,Reese cooper organic dye cargo pant in grey,38,New,Grey,34,$150 ,4,1,"Brand new with tags
Size 34
No refunds",1
152,152,Reese Cooper,Reese Cooper - Cargo Pants - SS21 - “River Runs Through”,16,Gently Used,Green,32,$147 ,9,1,"Reese Cooper - Cargo Pants - SS21 - “River Runs Through”
Size 32",1
153,153,Billy LA × John Elliott × Reese Cooper,NWT $295 - Distressed Cotton-Canvas Cargo Shorts - Camel,0,New,Camel,30,$100 ,17,1,"New with tags from BILLY's SS19 collection. Made in Los Angeles, USA.
Retail: $295
https://clothbase.com/items/732cac94_billy-distressed-cotton-canvas-cargo-shorts-camel_billy
""Influenced by traditional workwear. Reinforced for durability, these cargo shorts are made from hard-wearing cotton-canvas and left with raw edges for a distressed look""
Very high quality shorts with raw hem, reinforced several places with triple stitching. Very nice and soft pocket lining. Sturdy BILLY branded hardware.
BILLY LA was super popular during 2018-2020, seen on Wiz Khalifa, Post Malone and more. Very high quality products, focused on American workwear aesthetic, all produced in Los Angeles, USA The brand have unfortunately since then closed its doors. So here is your chance to get a rare pair new with tags!",0
154,154,Reese Cooper × Streetwear,Paneled Nylon Sport Trousers,34,New,Khaki,30,$100 ,8,1,"Brand new. Retailed for $578
Nylon sport trouser is lightweight and comfortable with an adjustable webbing belt on the waist.
Nice details such as the RCI embroidery and multiple pockets and tactical hook on waist.",1
155,155,Reese Cooper,Reese Cooper - Light Grey/Green Cargo Pant sz 36,1,Used,Gray/green,36,$40 ,8,0,"Reese Cooper - Light Green Cargo Pant sz 36
Good used condition",1
156,156,Reese Cooper,Reese Cooper Green Cotton Cargo Pants,2,Gently Used,Green,30,$210 ,15,1,"Reese Cooper Fall/Winter 2021 Collection Green Herringbone Cotton Cargo Pants
Condition: Almost brand new, slight imperfections only noticeable when close up
Retail originally $550 USD
Worn ~4-5 times total
Accepting Offers
Internal tag measurement says 30in but inseams measures as 32in
No Returns",1
157,157,Reese Cooper,Corduroy Cargo Trouser Baby Blue PF20 <U+0001F352><U+0001F33B>,192,New,Baby blue,30,$250 ,25,1,"GREYHOUND Collection PF20, Extremely rare. Reese Cooper® Corduroy Cargo Trouser Baby Blue PF20
CONDITION: 10/10
Brand New, pet & smoke free storage, 100% rating since original tags, 1st Owner.
Retail $707.36 + $30 (shipping) = $737.36
Front-piping detail with pockets section extending into the belt loops.
TEXT on REESE COOPER SLEEVE LABEL
""HOOKED ON THE HIGHWAY. DREAMING OF
A PLACE WITHOUT KNOWING ITS NAME.
BATHED IN SUNLIGHT, DECORATED WITH
LONESOME GAS STATIONS - STEAMING
ROADS THAT CUT THROUGH THE WINDING
PEAKS AND THICK FORESTS - SLICING
THROUGH THE BROWN, DUSTY CARPET
THAT STRETCHES OUT TOWARDS THE
OCEAN.
MOUNTAINS CASTING SHADOWS ACROSS
LAKES, MOONLIGHT ILLUMINATING THE
DESERT - LOST PEOPLE SEARCHING FOR
THEIR PLACE UNDER A FAMILIAR SKY.
THIS IS A STORY FUELED BY ESCAPISM
AND EXPLORATION. CLOTHING, OBJECTS
AND VISUALS INSPIRED BY WHAT YOU
NEED, WHAT YOU CHERISH AND WHAT YOU
ACQUIRE ON THE JOURNEY""
Reese Cooper Release Listing
reese-cooper.com/blogs/lookbook/greyhound-capsule-collection-for-harrods
+ Released November 31, 2020 (PF20)
+ Baby Blue (color)
+ Reese Cooper® Signature Utility Ring
+ Reese Cooper® embossed buttons
+ 2 Front cargo button pockets
+ 2 Front side entry
+ 2 Back button pockets
+ Front belt loop detail
+ Stitched Front Piping
+ Soft brushed Corduroy
+ Belt loops
+ 100% Cotton (Self)
+ 97% Cotton (Lining)
+ 3% Polyester (Lining)
+ Raccagni Zipper (Made in Italy)
+ Made in USA
Sizing Info
30 (waist fits TTS, length is long/relaxed)
<U+2730> Bundle Deals (2+ pieces), Offers, & Questions Welcome! <U+2730>",1
158,158,Reese Cooper,Cotton Side Pocket Trouser,7,New,White,26,$150 ,6,1,"Brand new, Size 26 Retailing at $500. Get ‘em for your gf. Cotton Side Pocket Trousers are made from soft but durable brushed cotton canvas. Featuring an external side pocket with zipper closure and cargo pockets near the ankles. Dyed using organic compounds rather than harsh chemicals.",1
159,159,Reese Cooper,Outdoor Supply Waxed Cotton Pant in Khaki,6,New,Khaki,34,$142 ,6,1,"Light pant perfect for the summer. Retail was $428.
Only tried on once. The pant runs small. Fits a size 32 better. I fit 33/34 and this didn't fit well (too much junk in trunk) <U+0001F614>",1
160,160,Reese Cooper,Reese Cooper Organic Dye Trouser Sage Green,17,Gently Used,Green,29,$150 ,10,1,Shop with confidence no returns or cancellations thanks! Look at all pics before buying! Pants have some white “whiskers” or marks.,1
161,161,Reese Cooper,Reese Cooper SS22 “Outdoor Supply” Pants,6,New,Green,34,$133 ,4,1,"Reese Cooper SS22 “Outdoor Supply” Pants
- Tagged 34
- Never worn, but tried on
- $150
Measurements (inches)
Waist - 33.5”
Rise - 10”
Thigh - 13”
Inseam - 32.25”
Leg Opening - 12.75”",1
162,162,Reese Cooper,Garment Dyed Trousers,58,New,Black,30,$194 ,3,0,"$194 is the final drop.
-Reese Cooper Garment Dyed Trouser in Black. Retail: $415. Size 30, fits slightly large can fit a 31inch to 32 inch waist, will come with all original tags.
-Very versatile pants that can be worn during any season. As with Reese Cooper pieces, this item is made from the highest quality fabrics and is proudly made in the USA
-shipping, immediately after purchase with USPS Priority mail (1-3 business days). Shipping within the USA only.
-5/5 feedback with over 70 sales, so purchase with confidence!
-No refunds or returns.",1
163,163,Reese Cooper,Organic Dye Cargo Trouser in Sage,6,Gently Used,Sage,32,$178 ,5,1,"love this reese cooper piece. material on these is great and it’s In very good condition. Worn less than 8 times
They don’t make these in sage anymore !!
Size 32",1
164,164,Reese Cooper,Reese Cooper “River Runs Through” SS22 Cargo Shorts,7,New,Black,30,$157 ,8,1,"a pair of Reese Cooper Cargo Shorts from SS22 collection!
Beautiful quality and design within the garment, made in the USA. topped with a metal hook at the belt loop.
size 30, fits true to size. please check measurements to ensure proper fit
(i had problems with thigh area)
10/10 condition, these are brand new from the Reese Cooper website. Amazing piece but unfortunately does not fit me :(
all products ordered will be in the exact condition shown in pictures.
message me for any questions!",0
165,165,Reese Cooper,AW18 Lone Pine Coordinate Denim Jeans,39,Gently Used,Denim,32,$130 ,5,1,"Released the hems
No flaws
People love to ask about the coordinates and the paint
Feel free to offer",1
166,166,Reese Cooper,Reese Cooper Fever Dream paint splatter carpenter pants,8,Gently Used,Black,33,$105 ,9,0,"Reese Cooper Washed Black Denim Paint Splatter Carpenter pants from Fever Dream collection
Size tag says 32 but fits like 33 waist. Barely worn",1
167,167,Reese Cooper,"Reese Cooper ""How A Letter Travels"" Denim",17,Gently Used,Blue,31,$140 ,4,1,"Size: 31x32
Leg Opening: 9 inch
Taken to tailor to make waist a 31
Originally was 34 waist
Dm For Any Questions",1
168,168,Reese Cooper,COORDINATE JEANS,19,Gently Used,Blue,34,$125 ,5,1,"Worn once for a very short period of time, basically brand new. way too big on me
Awesome quality, awesome details",1
169,169,Reese Cooper,Nylon Cargo Short,9,Used,Green,30,$67 ,3,1,"Purchased directly from Reese Cooper
Retailed around $300
Lightweight Cordura nylon cargo short
Great summer short
I am doing a closet clearout, so I am doing package deals!
Open to offers
You are buying the item as is so please look at the pics carefully and ask any questions beforehand. Once the item is shipped it is no longer my responsibility(fees, duties, taxes), no returns or refunds.",0
170,170,Reese Cooper,Nylon cargos,24,Gently Used,Black,30,$134 ,4,1,Pre-distressed “vintage” treatment on excellent shape slim-straight cargos,1
171,171,Reese Cooper,Reese Cooper Pintuck Trousers,1,New,Beige,34,$120 ,19,1,"Size:34x34
Retail: $400
Condition: New with tags
100% authentic
Fast shipper
Dm with any questions",1
172,172,Reese Cooper,RCI Hitchhiking cargo pants,47,Used,Tan mix,32,$86 ,6,1,"Reese Cooper cargo pants from the Hitchhiking collection. These have been bleached and sun faded ,creating unique, light tan patterns",1
173,173,Reese Cooper,Herringbone cotton cargos,5,New,Brown,30,$136 ,6,1,Reese-Cooper Herringbone cotton cargo ( 30x30 ),1
174,174,Reese Cooper,Paneled Nylon Sport Trousers,1,New,Khaki,32,$255 ,14,1,"Brand new. Retailed for around $600. Straight-leg paneled nylon and cotton-blend taffeta trousers colorblocked in beige and green.
Ships same day or next day.",1
175,175,Reese Cooper,Reese Cooper brushed cotton canvas cargo pants,13,New,Green,32,$275 ,5,1,"Cargos in brushed cotton canvas. RCI hook detail on waistband. Welt hand pockets with flap and snap closure on front. Large cargo pockets with flap and snap closure on sides. Welt pockets with flaps on back. Adjustable cotton webbing tie straps on legs. Triple needle stitching throughout. Button closure. Zipper fly. Raccagni zippers. Adjustable cotton straps in cuffs
Made in Los Angeles
Retail Around 390 usd",1
176,176,Reese Cooper,Reese Cooper Pintuck Trousers | Mirage Collection,34,Used,Grey,34,$170 ,4,1,"Item Description:
- Beautiful pair of trousers in a dark grey finish
- Paneled seams on back and front
- Comes with an attached key ring, metal button fly",1
177,177,Reese Cooper,Reese Cooper Pintuck Trousers,14,New,Beige,36,$165 ,14,1,"Size:36x34
Retail: $400
Condition: New with tags
100% authentic
Fast shipper
Dm with any questions",1
178,178,Reese Cooper,Cargo Short,7,New,Black,30,$170 ,4,0,"-Reese Cooper Cargo Shorts in Black. Size 30.
-Great Quality shorts as with all Reese Cooper pieces. This item is brand new and never worn.
-FAST shipping immediately after purchase with USPS MAIL & Tracking. *Shipping within the USA only*
-5/5 feedback with over 80 sales, so purchase with confidence!
-No refunds or returns.",0
179,179,Reese Cooper,RCI Raw Denim Jeans,36,New,Indigo,30,$135 ,6,1,"From Reese Cooper’s Spring/Summer 21 collection, denim is durable and will age with you. These are low rise and the darting gives it a better shape for stacking, definitely only buy if your legs are on the skinnier side.",1
180,180,Reese Cooper,Reese Cooper Coordinate lone Pine Jeans LAST DEOP DELETING<U+203C><U+FE0F>,4,New,Denim jeans,34,$127 ,15,1,"Reese cooper Co-ordinate Lone Pine Denim Jeans
New never Worn
Sz 34
No lowballs or returns or trades or refunds
250$ obo",1
181,181,Reese Cooper,Reese Cooper Snap Leg Cargo Quilted Trousers,10,New,Black,32,$245 ,5,1,"- Brand new, purchased from Notre (too long for me)
- Retails for $578
- Tags still on",1
182,182,Reese Cooper,NTW Panelled Nylon Sport Trouser Reece Cooper,22,New,Green,34,$120 ,5,1,"- BNWT
- will ship same day",1
183,183,Reese Cooper,RCI Forest Sweatpants (size M),17,New,Forest green,30,$190 ,4,0,Retail: $368,1
184,184,Reese Cooper,Reese Cooper Sweatpants,4,Used,Black,34,$90 ,7,1,"Black Reese Cooper Sweatpants from their SS2021 “River Runs Through” collection. Wash Black/Vintage Black color way. Cargo pocket at the bottom right leg. The iron buckle detail in good shape. Overall has quite a lot of life left in it(washed and worn less than five times) size L, slightly baggy, good for a 34 waist.",1
185,185,Reese Cooper,Reese cooper double knee,23,Gently Used,Brown,36,$209 ,4,1,"Worn twice very briefly, ships out next day",1
186,186,Reese Cooper,Reese Cooper Cargo Pants,14,Used,Green,30,$160 ,5,1,"Reese Cooper Olive Green Cargo Pants
Size 30
Good Condition",1
187,187,Reese Cooper,Reese Cooper Organic Dye Cargo Pants,104,New,Black,32,$295 ,4,1,"Reese Cooper Organic Dye Cargo Pants
Size 32
Brand New with Tags
100% Authentic
A staple for every wardrobe, the Organic Dye Cargo Trousers are made from soft but durable brushed cotton canvas and feature an array of pockets. They are dyed to match this season’s colour palette inspired by our Western Wildfires sweater using organic compounds rather than harsh chemicals.
Brushed cotton canvas
• Hand pockets on front
• Cargo pockets with snap closures on sides
• Welt pockets with flaps on back
• Double-knee panelling
• Organic dye process
• Triple-needle stitching throughout
• RCI signature hook detail
• Made in Los Angeles, CA
<U+25AB><U+FE0F>DISEMBODIED, ALL ITEMS ARE 100% AUTHENTIC. BUY FROM A TRUSTED SELLER<U+25AA><U+FE0F>
<U+25AA><U+FE0F>FOLLOW ME FOR OTHER HEAT ITEMS<U+25AB><U+FE0F>
<U+25AA><U+FE0F>CHECK OUT MY OTHER LISTINGS<U+25AB><U+FE0F>
<U+25AA><U+FE0F>TERMS & CONDITIONS<U+25AB><U+FE0F> <U+25AA><U+FE0F>
DO NOT Offer unless you are PAYPAL READY, You will be blocked immediately.
<U+25AA><U+FE0F> DO NOT lowball, lowballing wastes both parties time doing so will result in a block. You will NOT be able to purchase any listings after being blocked.
<U+25AA><U+FE0F> Payment is required IMMEDIATELY after any offer has been accepted! <U+25AA><U+FE0F>I do NOT accept returns, be 100% sure before purchasing, ask for measurements before hand.
<U+25AA><U+FE0F> Once an item is purchased, it is YOURS. I will not refund.
<U+25AA><U+FE0F> If the offer button is disabled I am NOT accepting offers and the item is at its lowest pricing, so do NOT send any offers.
<U+25AA><U+FE0F>SHIPPING<U+25AB><U+FE0F>
<U+25AA><U+FE0F> Shipping will be sent to your PAYPAL email and all shipments will be sent out 24-72 hours after purchasing unless otherwise stated!
<U+25AA><U+FE0F> I am NOT responsible for any lost or stolen packages. If you want it insured I will gladly insure the item at YOUR expense. Any item over $350 USD will be insured at MY expense!
<U+25AA><U+FE0F>All shipping is documented for my protection so any fraudulent activity will be sent to Grailed & punishable by Law Enforcement.
<U+25AA><U+FE0F>PURCHASING ANY ITEMS PUTS YOU IN AN AGREEMENT TO ALL TERMS ABOVE<U+25AB><U+FE0F>",1
188,188,Reese Cooper,S/S 20’ Nylon Cargo Shorts (Fits 30) l Green,113,Gently Used,Green,32,$168 ,7,1,"100% Authentic. Purchased from ssense. Retail for $400+. Quality is what you expect from Reese. Tagged size M/32 but these fit a size smaller. Worn twice, can pass as new.",0
189,189,Reese Cooper,Reese cooper brown cargos,25,New,Brown,34,$135 ,4,1,"Brand new never worn
Size 34
Shortened inseam to 27.5
No refunds",1
190,190,Reese Cooper,Against The Wind Twill Fatigue Pant (Tagged 30),84,New,Dark khaki,30,$1 ,7,0,"Received in a trade but won't make my rotation. These are bnwt but please don't hesitate with any questions or concerns.
Measurements:
Waist -16
F. Rise - 13
B. Rise - 15.5
Inseam - 26
Hem - 9",1
191,191,Reese Cooper,Reese Cooper Brushed Cotton Canvas Cargo Pants,28,Gently Used,Black,30,$220 ,9,1,"Wide-leg brushed cotton canvas cargo pants in black. Mid-rise. Six-pocket styling. Belt loops and lanyard clasp hardware at waistband. Pleats at knees. Self-tie straps at back. Drawstring at cuffs. Zip-fly. Logo-engraved antiqued silver-tone hardware. Supplier color: Black
Size 30",1
192,192,Reese Cooper,AW18 Lone Pine Coordinate Denim Jeans,22,Gently Used,Denim,32,$210 ,5,0,"Released the hems
No flaws
People love to ask about the coordinates and the paint
Feel free to offer",1
193,193,Reese Cooper,Reese Cooper Painter Cargo Pants,40,New,Green,34,$395 ,8,0,"Reese Cooper Painter Cargo Pants
Paint splatter throughout
Size 34 US
They run slightly bigger, can fit a 36
Brand New
100% Authentic
Retail was $598
Perfect pair of Cargo's for everyday use
Must have for any Reese Cooper fans!
Item ships 2-4-22
<U+25AB><U+FE0F>DISEMBODIED, ALL ITEMS ARE 100% AUTHENTIC. BUY FROM A TRUSTED SELLER<U+25AA><U+FE0F>
<U+25AA><U+FE0F>FOLLOW ME FOR OTHER HEAT ITEMS<U+25AB><U+FE0F>
<U+25AA><U+FE0F>CHECK OUT MY OTHER LISTINGS<U+25AB><U+FE0F>
<U+25AA><U+FE0F>TERMS & CONDITIONS<U+25AB><U+FE0F> <U+25AA><U+FE0F>
DO NOT Offer unless you are PAYPAL READY, You will be blocked immediately.
<U+25AA><U+FE0F> DO NOT lowball, lowballing wastes both parties time doing so will result in a block. You will NOT be able to purchase any listings after being blocked.
<U+25AA><U+FE0F> Payment is required IMMEDIATELY after any offer has been accepted! <U+25AA><U+FE0F>I do NOT accept returns, be 100% sure before purchasing, ask for measurements before hand.
<U+25AA><U+FE0F> Once an item is purchased, it is YOURS. I will not refund.
<U+25AA><U+FE0F> If the offer button is disabled I am NOT accepting offers and the item is at its lowest pricing, so do NOT send any offers.
<U+25AA><U+FE0F>SHIPPING<U+25AB><U+FE0F>
<U+25AA><U+FE0F> Shipping will be sent to your PAYPAL email and all shipments will be sent out 24-72 hours after purchasing unless otherwise stated!
<U+25AA><U+FE0F> I am NOT responsible for any lost or stolen packages. If you want it insured I will gladly insure the item at YOUR expense. Any item over $350 USD will be insured at MY expense!
<U+25AA><U+FE0F>All shipping is documented for my protection so any fraudulent activity will be sent to Grailed & punishable by Law Enforcement.
<U+25AA><U+FE0F>PURCHASING ANY ITEMS PUTS YOU IN AN AGREEMENT TO ALL TERMS ABOVE<U+25AB><U+FE0F>",1
194,194,Reese Cooper,Reese Cooper FW19 Overdyed Work Pants,9,Gently Used,Grey,28,$150 ,5,1,"-Reese Cooper Overdyed Work Pants
-From the FW19 “Against the Wind” collection
-Size 28, can fit up to a slim 30
-Features overdyed wash, straight leg & cropped fit
-Gently worn, no flaws!
-Will ship within two business days after purchase through USPS Priority Mail!
-All items are 100% Authentic
-All sales are final, please ask any questions prior to purchase
-Buy from a trusted Grailed seller with over 600 sales",1
195,195,Reese Cooper,Reese Cooper Canyon Camo brushed cotton cargo pants,5,Gently Used,Canyon,34,$165 ,8,1,"Reese Cooper Canyon Camo brushed cotton cargo pants
Only worn a couple of times very lightly
Size 34
Clearing space in my closet!
Open to offers
Typically ship within 48hrs of purchase",1
196,196,Reese Cooper,RCI Hitchhiking denim,6,Used,Blue,32,$165 ,6,1,"Good condition - few paint stains from screen printing but I kind of like them, not very noticeable as they’re dark.",1
197,197,Reese Cooper,Snap Leg Cargo Quilted Cargo,26,New,Black,32,$210 ,5,0,"insulated cargo trouser filled primaloft
snap and zipper opening.
cargo pocket.
retail: $576",1
198,198,Reese Cooper,How A Letter TravelsLinen Cargo Trouser in Water Colour Camo,102,Gently Used,Water color,32,$129 ,5,1,"Size 32 x 30
True to size
Key hook on waist line
Samples",1
199,199,Reese Cooper,Reese Cooper Brown Cargo Pants,18,Used,Brown,32,$81 ,4,1,"Fits like a 33 (Waist measures 33 even though tags says 32)
US Shipping only",1
200,200,Reese Cooper,Reese Cooper Nylon Cargo Shorts,25,New,Green,33,$125 ,6,0,"Brand new without tags
Size XL fits 32-34
Has two hidden pockets with Raccagni zippers
Only responding to binding offers
Ship within one business day after payment received",0
201,201,Reese Cooper,Reese Cooper River Runs Through Cargo Shorts 28 Black,4,New,Black,28,$124 ,6,0,"Reese Cooper River Runs Through Cargo Shorts
Size 28
Black",0
202,202,Reese Cooper,Reese Cooper Pintuck trouser,26,New,White,34,$170 ,6,0,"Brand new
Size 34
Very faint mark from storage that can be washed out",1
203,203,Reese Cooper,Reese Cooper Organic Dye Cargo Pants Sage,32,New,Green,32,$255 ,7,0,"Condition: Brand New
Size: 32
Shipping: Ships next day!
Feel free to ask any other questions!
No trades
ALL SALES FINAL
Reese Cooper",1
204,204,Reese Cooper,Reese Cooper Corduroy Cargo Pants,56,Used,Grey,30,$143 ,7,1,"Super comfortable and high quality pants
There is a small rip at the back of the pants (can probably be repaired for fairly cheap) and some colour fading by the hems, hence the low price
Can fit up to a 32
Will ship same or next day!",1
205,205,Reese Cooper,Reese Cooper Sweatpants,55,Used,Black,34,$120 ,4,0,"Reese Cooper Sweatpants
Size: Large
Condition: Gently Used
Color: Black
*** Grailed Trusted Seller ***
**** 5.0 Feedback With 180+ Sales****
***** NO RETURNS. NO EXCEPTIONS*****",1
206,206,Reese Cooper,Reese Cooper Cargo Ripstop Shorts Orange,37,New,Orange,32,$275 ,3,1,"Condition: Brand New
Size: 32
Shipping: Ships next day!
Feel free to ask any other questions!
No trades
ALL SALES FINAL
Reese Cooper",0
207,207,Reese Cooper,S/S 20’ Nylon Cargo Shorts (Fits 30) l Green,74,Gently Used,Green,32,$90 ,7,0,"100% Authentic. Purchased from ssense. Retail for $400+. Quality is what you expect from Reese. Tagged size M/32 but these fit a size smaller. Worn twice, can pass as new.",0
208,208,Reese Cooper,Reese Cooper Two-Tone Khaki Carpenter Pants,55,Gently Used,Khaki,34,$300 ,4,1,"Item: Reese Cooper Two-Tone Khaki Construction Carpenter Pants
Size: 34
Condition: Gently Used, No signs of wear
Authenticity: 100% Authentic
Price: $500
Willing to hear offers
Will ship 1-2 Business days after the payment clears on PayPal.
All sales are final.
Any SERIOUS questions, feel free to ask.",1
209,209,Reese Cooper,Reese Cooper Hitchhiking Jeans,16,New,Blue,28,$147 ,6,1,"Reese Cooper Hitchhiking Jeans
Hitchhiking F/W 2019
Size 28
Brand New",1
210,210,Reese Cooper,Nylon Cargo Pants,18,New,Black,32,$300 ,16,0,"Brand new, never worn, tags still attached. Heavyweight nylon cargo pants. Size large. Fits waist size 32
The Nylon Cargo Pant by Reese Cooper features a slightly baggy silhouette made from a crinkled nylon outer. Multiple pockets can be found throughout the trouser including two hand pockets at the sides, two cargo pockets, and two welt pockets with flaps on the back.
Adjustable drawstring
Elastic waistband
Crinkled nylon outer
Two hand pockets on sides
Two cargo pockets on sides
Two welt pockets with flap on back
Retail: $465",1
211,211,Reese Cooper,Pintuck Stitch Cotton Canvas Pants,32,New,White,34,$209 ,18,1,"Brand new with tags. Never worn. Measurements provided.
Soft brushed cotton canvas
RCI hook detail on waistband
Welt hand pockets on sides
Patch pocket on front
Patch pockets on back
Pintuck seams on the front and back legs
Button closure
Made in Los Angeles, CA
Designed for a wide leg fit
Reinforced back crotch
Retail: $368",1
212,212,Reese Cooper,Corduroy Cargo Trouser GREYHOUND PF20 <U+0001F352><U+0001F33B>,133,New,Vintage black,30,$404 ,22,1,"GREYHOUND Collection PF20, Extremely rare. Reese Cooper® Corduroy Cargo Trouser Vintage Black PF20
~Bundle Deals Available 2+ Pieces~
Offers & Questions Welcome! :)
CONDITION: 10/10
Brand New, pet & smoke free storage, 100% rating since comes with original tags. 1st Owner.
Beautiful baby blue corduroy trousers from Reese Cooper. Interesting piping detail on front with the pockets section extending into the belt loops.
Retail $707.36 + $30 (shipping) = $737.36
TEXT on REESE COOPER SLEEVE LABEL
""HOOKED ON THE HIGHWAY. DREAMING OF
A PLACE WITHOUT KNOWING ITS NAME.
BATHED IN SUNLIGHT, DECORATED WITH
LONESOME GAS STATIONS - STEAMING
ROADS THAT CUT THROUGH THE WINDING
PEAKS AND THICK FORESTS - SLICING
THROUGH THE BROWN, DUSTY CARPET
THAT STRETCHES OUT TOWARDS THE
OCEAN.
MOUNTAINS CASTING SHADOWS ACROSS
LAKES, MOONLIGHT ILLUMINATING THE
DESERT - LOST PEOPLE SEARCHING FOR
THEIR PLACE UNDER A FAMILIAR SKY.
THIS IS A STORY FUELED BY ESCAPISM
AND EXPLORATION. CLOTHING, OBJECTS
AND VISUALS INSPIRED BY WHAT YOU
NEED, WHAT YOU CHERISH AND WHAT YOU
ACQUIRE ON THE JOURNEY""
Reese Cooper Release Listing
reese-cooper.com/blogs/lookbook/greyhound-capsule-collection-for-harrods
+ Released November 31, 2020 (SS20)
+ Vintage Black (color)
+ Reese Cooper® Signature Utility Ring
+ Reese Cooper® embossed buttons
+ 2 Front cargo button pockets
+ 2 Front side entry
+ 2 Back button pockets
+ Front belt loop detail
+ Stitched Piping on Front
+ Soft brushed Corduroy
+ Belt loops
+ Raccagni Zipper (Made in Italy)
+ 100% Cotton (Self)
+ 97% Cotton (Lining)
+ 3% Polyester (Lining)
+ Made in USA
Sizing Info
Size 30 (waist fits TTS, length is long/baggy)",1
213,213,Reese Cooper,Reese Cooper Hitchhiking Jeans,5,New,Navy,34,$156 ,5,1,"Solid structure
Great jeans
Just too big for me now
Great detals",1
214,214,Reese Cooper,Patchwork Denim,79,Used,Blue,32,$200 ,7,1,"Size 32
Message with any questions",1
215,215,Reese Cooper,Reese Cooper Pintuck Stitch Straight Leg Pants Size 34,18,New,White,34,$180 ,6,1,"These are a Brand New Pair of Reese Cooper Pintuck Stitch Straight Leg Pants Size 34 in White
Very Nice Material
100% Cotton",1
216,216,Reese Cooper,Black Care Label Strap Cargo Pants Size L 36,10,New,Black,36,$60 ,17,1,"Reese Cooper Black Care Label Strap cargo pants
Tried on twice, never worn outside
Brand new condition, no defects, check photo for details; wrinkly due to storage in closet
Size L, fits around a waist 36, fits true to size
Check measurement for fit (Note all measurement are made while the piece is laid flat on a flat surface)
All sales are final
US Domestic shipping only",1
217,217,Reese Cooper,Against The Wind Twill Fatigue Pant,53,New,Dark khaki,30,$50 ,7,1,"Brand new with tags from the Pre-Fall 2019 exclusive release at Barneys titled ""Against The Wind"". Straight fit twill fatigue pant in dark khaki. Made in LA. Very faint fold fade below the right rear pocket (pictured).",1
218,218,Reese Cooper,Cotton Pintuck Pants,23,Gently Used,Black,30,$170 ,4,0,"Great pants for the fall
Straight Leg
8/10",1
219,219,Reese Cooper,Reese Cooper SS21 Cargo Shorts,11,Gently Used,Black,28,$120 ,5,1,"gently worn, no signs of wear or damage
has several beautiful details across the piece including a rifle clip and several snap enclosure pockets
open to offers",0
220,220,Reese Cooper,Wide-Leg Canvas Pants FW20,17,Gently Used,Olive,32,$210 ,5,0,"Beautiful pants from FW20
Removable exterior pocket not pictured
Perfect for the fall, great cut",1
221,221,Reese Cooper,How A Letter TravelsLinen Cargo Trouser in Water Colour Camo,86,Gently Used,Water color,32,$120 ,5,1,"Size 32 x 30
True to size
Key hook on waist line
Samples",1
222,222,Reese Cooper,Brushed Cotton Canvas Cargo Pants,33,New,Black,28,$228 ,6,1,https://reese-cooper.com/collections/m-bottoms/products/brushed-cotton-canvas-cargo-pants-in-black,1
223,223,Reese Cooper,"Camo cargo pants, made in USA, new with tags",13,New,Multi,32,$150 ,12,1,"From Reese Cooper:
Camo-print cotton pants with classic cargo styling.
Mid/heavyweight cotton
Belt loops
Zip fly with button closure
Side slip pockets
Back flap pockets
Side cargo flap pockets
Reinforced knee patches
Cotton
Machine wash
Made in USA
Waist = 16.75"" across laid flat. Leg opening at hem = 8"". Inseam = 30"".
Tagged size 32. New with tags.",1
224,224,Reese Cooper,Reese Cooper Coordinate Denim Size 30,40,Gently Used,Blue,30,$200 ,5,1,"REESE COOPER
AW18 “Lone Pine”
Size 30",1
225,225,Reese Cooper,Reese Cooper Beige Corduroy Pants,46,Gently Used,Beige,30,$175 ,6,1,"Reese Cooper Beige Corduroy Pants
If A Tree Falls Collection
Condition: Gently Used, Worn Once or Twice, Still in Great Condition, Basically Brand New
Size: 30",1
226,226,Reese Cooper,S/S 20’ Nylon Cargo Shorts (Fits 30) l Green,41,Gently Used,Green,32,$120 ,7,0,"100% Authentic. Purchased from ssense. Retail for $400+. Quality is what you expect from Reese. Tagged size M/32 but these fit a size smaller. Worn twice, can pass as new.",0
227,227,Reese Cooper,(Last price drop) Hitchhiking Distressed Denim Jeans,64,New,Denim,32,$136 ,8,1,"Retail - 260$+
Never worn by me (bought used)
Bought second hand (super trust worthy)
one stain
Fit like Levi 505
Just not tall enough :(
(Pics are of THE pants but not actually of me) (previous owners pictures)
Dm me:)
Check page for more :)",1
228,228,Reese Cooper,Reese Cooper Coordinate Denim Size 30,36,Gently Used,Blue,30,$155 ,2,1,"From AW18 “Lone Pine”
Worn only a handful of times
Size 30
Feel free to ask me anything :)",1
229,229,Reese Cooper,Pintuck Stitch Cotton Canvas Pants,9,New,Black,34,$208 ,15,1,"Brand new with tags. Never worn. Measurements provided.
Soft brushed cotton canvas
RCI hook detail on waistband
Welt hand pockets on sides
Patch pocket on front
Patch pockets on back
Pintuck seams on the front and back legs
Button closure
Made in Los Angeles, CA
Designed for a wide leg fit
Reinforced back crotch
Retail: $368",1
230,230,Reese Cooper,Reese Cooper Denim,14,Gently Used,Blue,30,$300 ,6,0,Worn once. Reese Cooper Denim. See photos for details.,1
231,231,Reese Cooper,Reese Cooper How to Write A Letter Pants,2,Gently Used,Multi,30,$261 ,3,1,"Worn once, beautiful pants that don’t fit me. Size 30 waste. High-end watercolor pants",1
232,232,Reese Cooper,Herringbone Cotton Cargo Pants,55,Gently Used,Sage,30,$360 ,3,1,"Reese Cooper Herringbone Cotton Canvas Pants, Sage colorway in a size 30
Amazing cargo pants that will last you a LIFETIME. It's beefy and got a really amazing structure to it. Contains 9 pockets and a velcro strap on the bottom to taper if needed. I have the reese cooper tags as well if you would like to have those for your collection :)
Worn at most 4-5 times and washed once by hand. The condition is pretty much brand new tbh. Purchased for retail at $540. Measurements were taken from an online retailer but they are accurate.
Shipping will be done with USPS Priority (2-3 business days) and will include additional insurance.
Let me know if you have any questions!",1
233,233,Reese Cooper,Reese Cooper Raw Denim,2,New,Dark blue denim,28,$160 ,9,0,"• BNWT
• Measurements in last pic
• Just want my money back tbh",1
234,234,Reese Cooper,Reese Cooper Packing Slip Denim Jeans,14,New,Beige,32,$135 ,6,0,"Condition: Brand New
Size: 32
Shipping: Ships next day!
Feel free to ask any other questions!
No trades
ALL SALES FINAL",1
235,235,Reese Cooper,Reese Cooper Nylon Cargo pant,31,Gently Used,Grey,31,$160 ,3,1,"In great condition, no major flaws, (one of the tags on the inside had come loose)
Tagged a medium but fit a little smaller
Can fit a 30-31 best (I’m usually a 31/32 for reference) so unfortunately they are a tad too snug on me
Very versatile pant, message me if you have any questions",1
236,236,Reese Cooper,Pintuck Stitch Brushed Cotton Canvas Pants in White,11,Gently Used,White,30,$200 ,10,1,"Retail: $368
Worn once, still in great condition
Reese Cooper men’s mid rise, straight fit white cotton canvas work pant. Features a soft brushed cotton canvas fabric, pintuck seams on the front and back legs, and a signature metal RCI clip.
Button front waist and fly
Two front side seam hip slash pockets
Front left RCI clip
Pintuck stitch seams on front and back legs
Two back patch pockets
Reinforced back crotch",1
237,237,Reese Cooper,Reese Cooper Patch Work Denim Gently Used 32,11,Gently Used,Vintage blue,30,$155 ,7,1,"Purchased New from Mr. Porter $395, Includes all tags
No signs of wear, small snag at front pocket (can’t notice/ easy fix)
Stand out Denim from “River Runs Through” Collection
(Fits like Levi’s 501 sz 31x32)",1
238,238,Reese Cooper,Canyon Cotton-Canvas Cargo Pants,6,New,Beige,30,$230 ,5,1,"Never worn pair of cotton-canvas cargos from Reese Cooper SS21 “River Runs Through”
Retail is $400, willing to sell for heavy discount but please no lowballs
Waist is 30 - I’m a true 31 and these fit just fine. Relaxed/semi wide-legged fit
Really impressed by the materials and craftsmanship on these. From triple stitched seams to the hardware used for buttons & key ring, the price is backed by the quality
Please feel free to reach out with any questions, will respond ASAP
No returns/exchanges",1
239,239,Reese Cooper,Reese Cooper Nylon/Canvas Cargos,51,New,Green,30,$410 ,4,1,"Reese Cooper x saks 5th Ave exclusive. Bought for around $610 from saks 5th Ave website
Worn 1 time.
10/10
100% canvas outer and 100% nylon contrast.
Two large cargo pockets on the side. Medium to heavy weight.
Please let me know if you have any questions!",1
240,240,Reese Cooper,SS21 Patch Pocket Washed Denim Jeans,28,New,Blue,28,$130 ,9,1,"REPOSTED
Only tried on.
Fits a true 28 waist.
Open to offers.
Message any questions.
**********************
BNT Reese Cooper SS21 River Runs Through Patch Pocket Washed Denim Jeans.
Condition: 10/10 (BNWT)
MSRP: $458
Fit: True to size
No refund or return after shipping. Not responsible if package is missing or stolen after shipping, or international tax, please add shipping fee if you need full insurance. Shown as it is! I'll accept offers plus shipping. If you have any questions let me know.",1
241,241,Reese Cooper,Cargo Pants with Drawstring,9,New,Black,28,$310 ,5,1,"New with tags <U+0001F4AB>
Size 28
Message with any questions",1
242,242,Reese Cooper,Reese Cooper Lightweight Herringbone Cargo Pants Forest,25,New,Forest,32,$425 ,7,1,"Condition: Brand New
Size: 32
Shipping: Ships next day!
Feel free to ask any other questions!
No trades
ALL SALES FINAL
Reese Cooper",1
243,243,Reese Cooper,Drop Pocket Cargo Shorts,14,Gently Used,Black,30,$80 ,4,1,Worn twice. In excellent condition.,0
244,244,Reese Cooper,SS21 Patch Pocket Washed Denim Jeans,19,New,Blue,28,$140 ,9,1,"BNT Reese Cooper SS21 River Runs Through Patch Pocket Washed Denim Jeans.
Condition: 10/10 (BNWT)
MSRP: $458
Fit: True to size
No refund or return after shipping. Not responsible if package is missing or stolen after shipping, or international tax, please add shipping fee if you need full insurance. Shown as it is! I'll accept offers plus shipping. If you have any questions let me know.",1
245,245,Reese Cooper,"Reese Cooper Corduroy Cargo Trousers, Khaki",46,Gently Used,Khaki,30,$165 ,5,1,"Sold out from recent collection, sweet pair of pants
Worn a few times
+ Reese Cooper® Signature Utility Ring
+ Reese Cooper® embossed buttons
+ 2 Front cargo button pockets
+ 2 Front side entry
+ 2 Back button pockets
+ Front belt loop detail
+ Stitched Piping on Front
+ Soft brushed Corduroy
+ Belt loops
+ Raccagni Zipper (Made in Italy)
+ 100% Cotton (Self)
+ 97% Cotton (Lining)
+ 3% Polyester (Lining)
+ Made in USA",1
246,246,Reese Cooper,Reese Cooper Against the Wind Pants,15,New,Black,34,$180 ,3,0,"Reese Cooper Cropped Pants from ""Against the Wind"" Collection
Brand New, Never Worn
Reinforced Front Pocket Details, 4 Back Pockets
Size 34, Black Variation
100% Authentic
No Returns/Refunds",1
247,247,Reese Cooper,Reese Cooper pleated wool cargos,6,Gently Used,Plaid,28,$90 ,6,1,"Size 28
Great piece for fall
Tons of details and a great pattern
Only shipping to US/Canada",1
248,248,Reese Cooper,REESE COOPER S/S 19 PRINTED CARGO PANTS,3,New,Beige,31,$165 ,6,1,Brand new never worn,1
249,249,Reese Cooper,Nylon/Canvas contrast cargos,12,New,Olive,30,$275 ,4,1,"Reese Cooper x saks 5th Ave exclusive. Bought for around $610 from saks 5th Ave website
Worn 1 time.
10/10
100% canvas outer and 100% nylon contrast.
Two large cargo pockets on the side. Medium to heavy weight.
Please let me know if you have any questions!",1
250,250,Reese Cooper,Painted denim,13,Used,Blue,32,$95 ,6,1,"Embroidered coordinates, small rip on back, fits small for 32 but normal with rip",1
251,251,Reese Cooper,How A Letter TravelsLinen Cargo Trouser in Water Colour Camo,76,New,Blue,32,$125 ,5,1,"Authentic
Size 32 x 30
True to size
No flaws
Key hook on waist line
Samples",1
252,252,Reese Cooper,Drop Pocket Cargo Shorts,7,Gently Used,Black,30,$87 ,4,1,Worn twice. In excellent condition.,0
253,253,Reese Cooper,Reese Cooper Corduroy Cargo Trousers Navy,6,Gently Used,Navy,32,$235 ,2,1,"In great condition, no major flaws
Message me if you have any questions",1
254,254,Reese Cooper,Reese Cooper Work Pants Wide Leg,41,Gently Used,Tan,32,$120 ,4,1,"Reese Cooper pants that are similar to the OG 107 cut.
Nice details and quality made.
Only use 3 times. Not really my style.",1
255,255,Reese Cooper,S/S 20’ Nylon Cargo Shorts (Fits 30) l Green,33,Gently Used,Green,32,$230 ,7,0,"100% Authentic. Purchased from ssense. Retail for $400+. Quality is what you expect from Reese. Tagged size M/32 but these fit a size smaller. Worn twice, can pass as new.",0
256,256,Reese Cooper,Resse Cooper Pin Tuck Wool Trousers,16,Gently Used,Grey,36,$45 ,2,1,"From One Of His Early Collections
Cropped
Quality Is Really Nice",1
257,257,Reese Cooper,Reese Cooper Nylon Cargo Shorts,83,Gently Used,Black,32,$130 ,3,1,"Condition: Worn twice great condition
Size: 32
Shipping: Ships next day!
Feel free to ask any other questions!
No trades
ALL SALES FINAL",0
258,258,Reese Cooper,Reese Cooper Green Patch Pocket Sweatpants,45,New,Green,31,$155 ,7,0,"Brand new
Size tagged M
Measurements:
Waist: 13.5 inches (super elastic, fits me 32 waist perfectly. Should fit a 30 as well)
Inseam: 34 inches
Only BINDING offers will be replied
Ship within two business days after payment received",1
259,259,Reese Cooper,Reese Cooper Vintage Wash Denim,17,Gently Used,Indigo,30,$132 ,10,1,"Great fitting jeans with a beautiful wash
Quality Construction
Triple stitched on outseam, seat, and rear panels
Hemmed to 30.75” with original hem kept
Tagged Size 28 But fits 31 so listed as such",1
260,260,Reese Cooper,"Reese cooper AW18 ""Lone Pine"" Coordinate Denim Jeans",57,New,Blue,28,$150 ,6,1,"Reese cooper denim
Crazy details
Nice dark wash, straight leg
Belt loop on the back came detached, can easily be fixed",1
261,261,Reese Cooper,Reese Cooper Hitchhiking cargo pant,6,Gently Used,Brown,32,$210 ,3,1,"In amazing condition, no major flaws
Fits tts 32
Message me if you have any questions",1
262,262,Reese Cooper,Reese Cooper Nylon Cotton Panel Pant,16,Gently Used,Black,32,$375 ,6,1,"Only tried on at home
Retail $687
Harrods exclusive from AW 2020
(Reese Cooper released a NEW version this season with two waist pockets)
***This one doesn’t have the waist pockets but only two cargo pockets.
Size 32
Fit please refer to last pic
Only binding offers will be responded
Ship out within one business day of payment",1
263,263,Reese Cooper,REESE COOPER denim,32,New,White,30,$130 ,7,0,"reese cooper fever dream denim
rare/early reese piece
worn a few times - no flaws
negotiable",1
264,264,Reese Cooper,Reese Cooper Sage Patch Pocket Sweatpants,16,New,Sage,34,$200 ,6,0,"Brand new
Size tagged XL
Fits 33-35
Inseam around 33
Only BINDING offers will be replied
Ship within two business days after payment received",1
265,265,Reese Cooper,S/S 19’ Fever Dreams Cargo Shorts l Black,52,New,Black,34,$170 ,3,1,100% Authentic. Tagged size 34 but fit a tad smaller. Black colorway. New with tags.,0
266,266,Reese Cooper,Brushed Cotton Canvas Cargo Pants,18,Gently Used,Sage,28,$248 ,7,1,"Purchased from Reese Cooper website
Super unique pants with a multitude of ways to construct and wear them
Fairly lightweight
From s/s21 collection “River Runs Through”
Long rise, somewhat shorter inseam
Key ring on belt loop for your keys and such
Strings to tighten pants at the knee/thigh
Could fit a 28-slimmer 30
While I do love these, they just don’t fit how I would like them to
Price negotiable if given a fair offer
Will answer any questions or concerns regarding the pants!
Will ship out within 2-3 days after purchasing",1
267,267,Reese Cooper,REESE COOPER KHAKI WORK CARGO PANTS,5,Gently Used,Tan,32,$225 ,12,1,"AW18 REESE COOPER KHAKI WORK CARGO PANTS
Worn maybe 2/3 times, not my size.
Few very small white paint splatters pointed out in pictures!
The quality on these are INSANE!
So many fine details!
Please feel free to reach out with any questions!",1
268,268,Reese Cooper,Reese Cooper Packing Slip Denim Jeans,3,New,Beige,32,$170 ,6,0,"Condition: Brand New
Size: 32
Shipping: Ships next day!
Feel free to ask any other questions!
No trades
ALL SALES FINAL",1
269,269,Reese Cooper,REESE COOPER CARGO PANTS BEIGE,8,New,Beige,32,$230 ,5,0,"NEVER worn
tag is still on",1
